<PAMDataset>
  <PAMRasterBand band="1">
    <Description>Npp</Description>
    <Histograms>
      <HistItem>
        <HistMin>5580.933333333333</HistMin>
        <HistMax>6127.066666666667</HistMax>
        <BucketCount>15</BucketCount>
        <IncludeOutOfRange>0</IncludeOutOfRange>
        <Approximate>0</Approximate>
        <HistCounts>1|1|0|3|0|0|0|2|1|0|1|0|0|0|1</HistCounts>
      </HistItem>
    </Histograms>
    <Metadata>
      <MDI key="STATISTICS_MAXIMUM">6110</MDI>
      <MDI key="STATISTICS_MEAN">5799.2</MDI>
      <MDI key="STATISTICS_MINIMUM">5598</MDI>
      <MDI key="STATISTICS_STDDEV">153.3758781556</MDI>
      <MDI key="STATISTICS_VALID_PERCENT">66.67</MDI>
    </Metadata>
  </PAMRasterBand>
  <PAMRasterBand band="2">
    <Description>Npp_QC</Description>
    <Histograms>
      <HistItem>
        <HistMin>21.4</HistMin>
        <HistMax>40.6</HistMax>
        <BucketCount>15</BucketCount>
        <IncludeOutOfRange>0</IncludeOutOfRange>
        <Approximate>0</Approximate>
        <HistCounts>1|0|1|2|0|1|0|0|3|0|0|0|1|0|1</HistCounts>
      </HistItem>
    </Histograms>
    <Metadata>
      <MDI key="STATISTICS_MAXIMUM">40</MDI>
      <MDI key="STATISTICS_MEAN">30.1</MDI>
      <MDI key="STATISTICS_MINIMUM">22</MDI>
      <MDI key="STATISTICS_STDDEV">5.5578772926361</MDI>
      <MDI key="STATISTICS_VALID_PERCENT">66.67</MDI>
    </Metadata>
  </PAMRasterBand>
</PAMDataset>
