<PAMDataset>
  <PAMRasterBand band="1">
    <Description>b0</Description>
    <Metadata>
      <MDI key="STATISTICS_MAXIMUM">63</MDI>
      <MDI key="STATISTICS_MEAN">41.18</MDI>
      <MDI key="STATISTICS_MINIMUM">0</MDI>
      <MDI key="STATISTICS_STDDEV">28.275565423171</MDI>
      <MDI key="STATISTICS_VALID_PERCENT">100</MDI>
    </Metadata>
  </PAMRasterBand>
  <PAMRasterBand band="2">
    <Description>b10</Description>
    <Metadata>
      <MDI key="STATISTICS_MAXIMUM">63</MDI>
      <MDI key="STATISTICS_MEAN">41.2</MDI>
      <MDI key="STATISTICS_MINIMUM">0</MDI>
      <MDI key="STATISTICS_STDDEV">28.288513569999</MDI>
      <MDI key="STATISTICS_VALID_PERCENT">100</MDI>
    </Metadata>
  </PAMRasterBand>
  <PAMRasterBand band="3">
    <Description>b30</Description>
    <Metadata>
      <MDI key="STATISTICS_MAXIMUM">63</MDI>
      <MDI key="STATISTICS_MEAN">40.76</MDI>
      <MDI key="STATISTICS_MINIMUM">0</MDI>
      <MDI key="STATISTICS_STDDEV">27.985396191585</MDI>
      <MDI key="STATISTICS_VALID_PERCENT">100</MDI>
    </Metadata>
  </PAMRasterBand>
  <PAMRasterBand band="4">
    <Description>b60</Description>
  </PAMRasterBand>
  <PAMRasterBand band="5">
    <Description>b100</Description>
  </PAMRasterBand>
  <PAMRasterBand band="6">
    <Description>b200</Description>
  </PAMRasterBand>
</PAMDataset>
