<PAMDataset>
  <PAMRasterBand band="1">
    <Description>b0</Description>
    <Metadata>
      <MDI key="STATISTICS_MAXIMUM">22</MDI>
      <MDI key="STATISTICS_MEAN">12.8</MDI>
      <MDI key="STATISTICS_MINIMUM">0</MDI>
      <MDI key="STATISTICS_STDDEV">8.8994381845148</MDI>
      <MDI key="STATISTICS_VALID_PERCENT">100</MDI>
    </Metadata>
  </PAMRasterBand>
  <PAMRasterBand band="2">
    <Description>b10</Description>
    <Metadata>
      <MDI key="STATISTICS_MAXIMUM">22</MDI>
      <MDI key="STATISTICS_MEAN">12.88</MDI>
      <MDI key="STATISTICS_MINIMUM">0</MDI>
      <MDI key="STATISTICS_STDDEV">8.9613391856351</MDI>
      <MDI key="STATISTICS_VALID_PERCENT">100</MDI>
    </Metadata>
  </PAMRasterBand>
  <PAMRasterBand band="3">
    <Description>b30</Description>
    <Metadata>
      <MDI key="STATISTICS_MAXIMUM">23</MDI>
      <MDI key="STATISTICS_MEAN">13.76</MDI>
      <MDI key="STATISTICS_MINIMUM">0</MDI>
      <MDI key="STATISTICS_STDDEV">9.5635976494204</MDI>
      <MDI key="STATISTICS_VALID_PERCENT">100</MDI>
    </Metadata>
  </PAMRasterBand>
  <PAMRasterBand band="4">
    <Description>b60</Description>
  </PAMRasterBand>
  <PAMRasterBand band="5">
    <Description>b100</Description>
  </PAMRasterBand>
  <PAMRasterBand band="6">
    <Description>b200</Description>
  </PAMRasterBand>
</PAMDataset>
